"rank","station_id","station_name","expansion_scope","minimal_interchanges","transport_summary","reachable_destinations","mode_groups","fare_equivalence_verified","cycle_source","cycle_minutes_exact","cycle_distance_km","tfl_cycle_minutes","tfl_cycle_distance_km","review_flag","direct_destinations","direct_lines","containing_circles","independent_route_url","google_maps_url","apple_maps_url"
1,"HUBWWA","Woolwich Arsenal","at-most-one-change-faster-than-brockley",1,"DLR to Stratford, then Elizabeth line to Liverpool Street","Liverpool Street+Shoreditch High Street","TfL PAYG rail",false,"OpenStreetMap.de bicycle router",18.17,4.25,,,"one-change-expansion-independent-only","","","","https://www.openstreetmap.org/directions?engine=fossgis_osrm_bike&route=51.465997%2C0.090441%3B51.490009%2C0.069127","https://www.google.com/maps/dir/?api=1&origin=51.465997%2C0.090441&destination=51.490009%2C0.069127&travelmode=bicycling","https://maps.apple.com/?saddr=51.465997%2C0.090441&daddr=51.490009%2C0.069127"
2,"910GWOLWXR","Woolwich","original-direct-circle",0,"Elizabeth line direct to Liverpool Street","Liverpool Street+Shoreditch High Street","TfL PAYG rail",false,"OpenStreetMap.de bicycle router",19.74,4.4,14,4.4,"speed-model-difference","Liverpool Street","Elizabeth line","Shoreditch High Street+Liverpool Street","https://www.openstreetmap.org/directions?engine=fossgis_osrm_bike&route=51.465997%2C0.090441%3B51.492168%2C0.070593","https://www.google.com/maps/dir/?api=1&origin=51.465997%2C0.090441&destination=51.492168%2C0.070593&travelmode=bicycling","https://maps.apple.com/?saddr=51.465997%2C0.090441&daddr=51.492168%2C0.070593"
3,"HUBABW","Abbey Wood","at-most-one-change-faster-than-brockley",0,"Elizabeth line direct to Liverpool Street","Liverpool Street+Shoreditch High Street","TfL PAYG rail",false,"OpenStreetMap.de bicycle router",20.78,4.67,,,"one-change-expansion-independent-only","Liverpool Street","Elizabeth line","","https://www.openstreetmap.org/directions?engine=fossgis_osrm_bike&route=51.465997%2C0.090441%3B51.491284%2C0.121087","https://www.google.com/maps/dir/?api=1&origin=51.465997%2C0.090441&destination=51.491284%2C0.121087&travelmode=bicycling","https://maps.apple.com/?saddr=51.465997%2C0.090441&daddr=51.491284%2C0.121087"
4,"HUBLEW","Lewisham","at-most-one-change-faster-than-brockley",1,"DLR to Canary Wharf, then Elizabeth line to Liverpool Street","Liverpool Street+Shoreditch High Street","TfL PAYG rail",false,"OpenStreetMap.de bicycle router",37.11,8.57,,,"one-change-expansion-independent-only","","","","https://www.openstreetmap.org/directions?engine=fossgis_osrm_bike&route=51.465997%2C0.090441%3B51.464665%2C-0.012874","https://www.google.com/maps/dir/?api=1&origin=51.465997%2C0.090441&destination=51.464665%2C-0.012874&travelmode=bicycling","https://maps.apple.com/?saddr=51.465997%2C0.090441&daddr=51.464665%2C-0.012874"
5,"940GZZDLELV","Elverson Road","at-most-one-change-faster-than-brockley",1,"DLR to Canary Wharf, then Elizabeth line to Liverpool Street","Liverpool Street+Shoreditch High Street","TfL PAYG rail",false,"OpenStreetMap.de bicycle router",37.63,8.81,,,"one-change-expansion-independent-only","","","","https://www.openstreetmap.org/directions?engine=fossgis_osrm_bike&route=51.465997%2C0.090441%3B51.469074%2C-0.016728","https://www.google.com/maps/dir/?api=1&origin=51.465997%2C0.090441&destination=51.469074%2C-0.016728&travelmode=bicycling","https://maps.apple.com/?saddr=51.465997%2C0.090441&daddr=51.469074%2C-0.016728"
6,"940GZZDLKGV","King George V","at-most-one-change-faster-than-brockley",1,"DLR to Stratford, then Elizabeth line to Liverpool Street","Liverpool Street+Shoreditch High Street","TfL PAYG rail",false,"OpenStreetMap.de bicycle router",37.67,6.27,,,"one-change-expansion-independent-only","","","","https://www.openstreetmap.org/directions?engine=fossgis_osrm_bike&route=51.465997%2C0.090441%3B51.502003%2C0.062624","https://www.google.com/maps/dir/?api=1&origin=51.465997%2C0.090441&destination=51.502003%2C0.062624&travelmode=bicycling","https://maps.apple.com/?saddr=51.465997%2C0.090441&daddr=51.502003%2C0.062624"
7,"HUBCUT","Cutty Sark (for Maritime Greenwich)","at-most-one-change-faster-than-brockley",1,"DLR to Canary Wharf, then Elizabeth line to Liverpool Street","Liverpool Street+Shoreditch High Street","TfL PAYG rail",false,"OpenStreetMap.de bicycle router",39.45,8.62,,,"one-change-expansion-independent-only","","","","https://www.openstreetmap.org/directions?engine=fossgis_osrm_bike&route=51.465997%2C0.090441%3B51.481671%2C-0.01081","https://www.google.com/maps/dir/?api=1&origin=51.465997%2C0.090441&destination=51.481671%2C-0.01081&travelmode=bicycling","https://maps.apple.com/?saddr=51.465997%2C0.090441&daddr=51.481671%2C-0.01081"
8,"HUBLCY","London City Airport","at-most-one-change-faster-than-brockley",1,"DLR to Stratford, then Elizabeth line to Liverpool Street","Liverpool Street+Shoreditch High Street","TfL PAYG rail",false,"OpenStreetMap.de bicycle router",39.76,6.99,,,"one-change-expansion-independent-only","","","","https://www.openstreetmap.org/directions?engine=fossgis_osrm_bike&route=51.465997%2C0.090441%3B51.503416%2C0.048739","https://www.google.com/maps/dir/?api=1&origin=51.465997%2C0.090441&destination=51.503416%2C0.048739&travelmode=bicycling","https://maps.apple.com/?saddr=51.465997%2C0.090441&daddr=51.503416%2C0.048739"
9,"HUBGNW","Greenwich","at-most-one-change-faster-than-brockley",1,"DLR to Canary Wharf, then Elizabeth line to Liverpool Street","Liverpool Street+Shoreditch High Street","TfL PAYG rail",false,"OpenStreetMap.de bicycle router",40.02,8.71,,,"one-change-expansion-independent-only","","","","https://www.openstreetmap.org/directions?engine=fossgis_osrm_bike&route=51.465997%2C0.090441%3B51.478087%2C-0.013673","https://www.google.com/maps/dir/?api=1&origin=51.465997%2C0.090441&destination=51.478087%2C-0.013673&travelmode=bicycling","https://maps.apple.com/?saddr=51.465997%2C0.090441&daddr=51.478087%2C-0.013673"
10,"940GZZDLGAL","Gallions Reach","at-most-one-change-faster-than-brockley",1,"DLR to Custom House (for ExCel), then Elizabeth line to Liverpool Street","Liverpool Street+Shoreditch High Street","TfL PAYG rail",false,"OpenStreetMap.de bicycle router",42.63,7.42,,,"one-change-expansion-independent-only","","","","https://www.openstreetmap.org/directions?engine=fossgis_osrm_bike&route=51.465997%2C0.090441%3B51.508941%2C0.071555","https://www.google.com/maps/dir/?api=1&origin=51.465997%2C0.090441&destination=51.508941%2C0.071555&travelmode=bicycling","https://maps.apple.com/?saddr=51.465997%2C0.090441&daddr=51.508941%2C0.071555"
11,"940GZZDLPDK","Pontoon Dock","at-most-one-change-faster-than-brockley",1,"DLR to Stratford, then Elizabeth line to Liverpool Street","Liverpool Street+Shoreditch High Street","TfL PAYG rail",false,"OpenStreetMap.de bicycle router",43.78,7.98,,,"one-change-expansion-independent-only","","","","https://www.openstreetmap.org/directions?engine=fossgis_osrm_bike&route=51.465997%2C0.090441%3B51.502212%2C0.032115","https://www.google.com/maps/dir/?api=1&origin=51.465997%2C0.090441&destination=51.502212%2C0.032115&travelmode=bicycling","https://maps.apple.com/?saddr=51.465997%2C0.090441&daddr=51.502212%2C0.032115"
12,"940GZZDLCYP","Cyprus","at-most-one-change-faster-than-brockley",1,"DLR to Custom House (for ExCel), then Elizabeth line to Liverpool Street","Liverpool Street+Shoreditch High Street","TfL PAYG rail",false,"OpenStreetMap.de bicycle router",43.85,7.78,,,"one-change-expansion-independent-only","","","","https://www.openstreetmap.org/directions?engine=fossgis_osrm_bike&route=51.465997%2C0.090441%3B51.508473%2C0.063925","https://www.google.com/maps/dir/?api=1&origin=51.465997%2C0.090441&destination=51.508473%2C0.063925&travelmode=bicycling","https://maps.apple.com/?saddr=51.465997%2C0.090441&daddr=51.508473%2C0.063925"
13,"HUBNGW","North Greenwich","at-most-one-change-faster-than-brockley",1,"Jubilee to Canary Wharf, then Elizabeth line to Liverpool Street","Liverpool Street+Shoreditch High Street","TfL PAYG rail",false,"OpenStreetMap.de bicycle router",43.91,9.24,,,"one-change-expansion-independent-only","","","","https://www.openstreetmap.org/directions?engine=fossgis_osrm_bike&route=51.465997%2C0.090441%3B51.50047%2C0.004287","https://www.google.com/maps/dir/?api=1&origin=51.465997%2C0.090441&destination=51.50047%2C0.004287&travelmode=bicycling","https://maps.apple.com/?saddr=51.465997%2C0.090441&daddr=51.50047%2C0.004287"
14,"940GZZDLDEP","Deptford Bridge","at-most-one-change-faster-than-brockley",1,"DLR to Canary Wharf, then Elizabeth line to Liverpool Street","Liverpool Street+Shoreditch High Street","TfL PAYG rail",false,"OpenStreetMap.de bicycle router",43.95,9.69,,,"one-change-expansion-independent-only","","","","https://www.openstreetmap.org/directions?engine=fossgis_osrm_bike&route=51.465997%2C0.090441%3B51.474215%2C-0.022438","https://www.google.com/maps/dir/?api=1&origin=51.465997%2C0.090441&destination=51.474215%2C-0.022438&travelmode=bicycling","https://maps.apple.com/?saddr=51.465997%2C0.090441&daddr=51.474215%2C-0.022438"
15,"940GZZDLPRE","Prince Regent","at-most-one-change-faster-than-brockley",1,"DLR to Custom House (for ExCel), then Elizabeth line to Liverpool Street","Liverpool Street+Shoreditch High Street","TfL PAYG rail",false,"OpenStreetMap.de bicycle router",46.2,8.51,,,"one-change-expansion-independent-only","","","","https://www.openstreetmap.org/directions?engine=fossgis_osrm_bike&route=51.465997%2C0.090441%3B51.509263%2C0.034158","https://www.google.com/maps/dir/?api=1&origin=51.465997%2C0.090441&destination=51.509263%2C0.034158&travelmode=bicycling","https://maps.apple.com/?saddr=51.465997%2C0.090441&daddr=51.509263%2C0.034158"
16,"940GZZDLRAL","Royal Albert","at-most-one-change-faster-than-brockley",1,"DLR to Custom House (for ExCel), then Elizabeth line to Liverpool Street","Liverpool Street+Shoreditch High Street","TfL PAYG rail",false,"OpenStreetMap.de bicycle router",46.8,8.59,,,"one-change-expansion-independent-only","","","","https://www.openstreetmap.org/directions?engine=fossgis_osrm_bike&route=51.465997%2C0.090441%3B51.508357%2C0.045935","https://www.google.com/maps/dir/?api=1&origin=51.465997%2C0.090441&destination=51.508357%2C0.045935&travelmode=bicycling","https://maps.apple.com/?saddr=51.465997%2C0.090441&daddr=51.508357%2C0.045935"
17,"940GZZDLBPK","Beckton Park","at-most-one-change-faster-than-brockley",1,"DLR to Custom House (for ExCel), then Elizabeth line to Liverpool Street","Liverpool Street+Shoreditch High Street","TfL PAYG rail",false,"OpenStreetMap.de bicycle router",47.38,8.48,,,"one-change-expansion-independent-only","","","","https://www.openstreetmap.org/directions?engine=fossgis_osrm_bike&route=51.465997%2C0.090441%3B51.508793%2C0.054932","https://www.google.com/maps/dir/?api=1&origin=51.465997%2C0.090441&destination=51.508793%2C0.054932&travelmode=bicycling","https://maps.apple.com/?saddr=51.465997%2C0.090441&daddr=51.508793%2C0.054932"
18,"940GZZDLBEC","Beckton","at-most-one-change-faster-than-brockley",1,"DLR to Custom House (for ExCel), then Elizabeth line to Liverpool Street","Liverpool Street+Shoreditch High Street","TfL PAYG rail",false,"OpenStreetMap.de bicycle router",47.62,8.51,,,"one-change-expansion-independent-only","","","","https://www.openstreetmap.org/directions?engine=fossgis_osrm_bike&route=51.465997%2C0.090441%3B51.514362%2C0.061453","https://www.google.com/maps/dir/?api=1&origin=51.465997%2C0.090441&destination=51.514362%2C0.061453&travelmode=bicycling","https://maps.apple.com/?saddr=51.465997%2C0.090441&daddr=51.514362%2C0.061453"
19,"940GZZDLWSV","West Silvertown","at-most-one-change-faster-than-brockley",1,"DLR to Stratford, then Elizabeth line to Liverpool Street","Liverpool Street+Shoreditch High Street","TfL PAYG rail",false,"OpenStreetMap.de bicycle router",47.78,8.71,,,"one-change-expansion-independent-only","","","","https://www.openstreetmap.org/directions?engine=fossgis_osrm_bike&route=51.465997%2C0.090441%3B51.502838%2C0.02246","https://www.google.com/maps/dir/?api=1&origin=51.465997%2C0.090441&destination=51.502838%2C0.02246&travelmode=bicycling","https://maps.apple.com/?saddr=51.465997%2C0.090441&daddr=51.502838%2C0.02246"
20,"940GZZDLISL","Island Gardens","at-most-one-change-faster-than-brockley",1,"DLR to Canary Wharf, then Elizabeth line to Liverpool Street","Liverpool Street+Shoreditch High Street","TfL PAYG rail",false,"OpenStreetMap.de bicycle router",48.11,8.75,,,"one-change-expansion-independent-only","","","","https://www.openstreetmap.org/directions?engine=fossgis_osrm_bike&route=51.465997%2C0.090441%3B51.487811%2C-0.010139","https://www.google.com/maps/dir/?api=1&origin=51.465997%2C0.090441&destination=51.487811%2C-0.010139&travelmode=bicycling","https://maps.apple.com/?saddr=51.465997%2C0.090441&daddr=51.487811%2C-0.010139"
21,"910GBROCKLY","Brockley","original-direct-circle",0,"Windrush direct to Shoreditch High Street","Liverpool Street+Shoreditch High Street","TfL PAYG rail",false,"OpenStreetMap.de bicycle router",48.69,11.06,41,12.28,"minor-difference","Shoreditch High Street","Windrush","Shoreditch High Street+Liverpool Street","https://www.openstreetmap.org/directions?engine=fossgis_osrm_bike&route=51.465997%2C0.090441%3B51.464649%2C-0.037537","https://www.google.com/maps/dir/?api=1&origin=51.465997%2C0.090441&destination=51.464649%2C-0.037537&travelmode=bicycling","https://maps.apple.com/?saddr=51.465997%2C0.090441&daddr=51.464649%2C-0.037537"
22,"910GNWCRELL","New Cross","original-direct-circle",0,"Windrush direct to Shoreditch High Street","Liverpool Street+Shoreditch High Street","TfL PAYG rail",false,"OpenStreetMap.de bicycle router",49.51,10.84,38,11.12,"speed-model-difference","Shoreditch High Street","Windrush","Shoreditch High Street+Liverpool Street","https://www.openstreetmap.org/directions?engine=fossgis_osrm_bike&route=51.465997%2C0.090441%3B51.476344%2C-0.032441","https://www.google.com/maps/dir/?api=1&origin=51.465997%2C0.090441&destination=51.476344%2C-0.032441&travelmode=bicycling","https://maps.apple.com/?saddr=51.465997%2C0.090441&daddr=51.476344%2C-0.032441"
23,"910GNEWXGTE","New Cross Gate","original-direct-circle",0,"Windrush direct to Shoreditch High Street","Liverpool Street+Shoreditch High Street","TfL PAYG rail",false,"OpenStreetMap.de bicycle router",50.97,11.33,39,11.73,"speed-model-difference","Shoreditch High Street","Windrush","Shoreditch High Street+Liverpool Street","https://www.openstreetmap.org/directions?engine=fossgis_osrm_bike&route=51.465997%2C0.090441%3B51.475128%2C-0.040399","https://www.google.com/maps/dir/?api=1&origin=51.465997%2C0.090441&destination=51.475128%2C-0.040399&travelmode=bicycling","https://maps.apple.com/?saddr=51.465997%2C0.090441&daddr=51.475128%2C-0.040399"
24,"910GCUSTMHS","Custom House","original-direct-circle",0,"Elizabeth line direct to Liverpool Street","Liverpool Street+Shoreditch High Street","TfL PAYG rail",false,"OpenStreetMap.de bicycle router",53.27,9.31,83,23.97,"tfl-route-detour","Liverpool Street","Elizabeth line","Shoreditch High Street+Liverpool Street","https://www.openstreetmap.org/directions?engine=fossgis_osrm_bike&route=51.465997%2C0.090441%3B51.509769%2C0.02673","https://www.google.com/maps/dir/?api=1&origin=51.465997%2C0.090441&destination=51.509769%2C0.02673&travelmode=bicycling","https://maps.apple.com/?saddr=51.465997%2C0.090441&daddr=51.509769%2C0.02673"
25,"910GHONROPK","Honor Oak Park","original-direct-circle",0,"Windrush direct to Shoreditch High Street","Liverpool Street+Shoreditch High Street","TfL PAYG rail",false,"OpenStreetMap.de bicycle router",54.2,12.12,40,11.97,"speed-model-difference","Shoreditch High Street","Windrush","Shoreditch High Street+Liverpool Street","https://www.openstreetmap.org/directions?engine=fossgis_osrm_bike&route=51.465997%2C0.090441%3B51.449989%2C-0.045505","https://www.google.com/maps/dir/?api=1&origin=51.465997%2C0.090441&destination=51.449989%2C-0.045505&travelmode=bicycling","https://maps.apple.com/?saddr=51.465997%2C0.090441&daddr=51.449989%2C-0.045505"
26,"910GPCKHMQD","Queens Road Peckham","original-direct-circle",0,"Windrush direct to Shoreditch High Street","Liverpool Street+Shoreditch High Street","TfL PAYG rail",false,"OpenStreetMap.de bicycle router",55.94,12.76,46,13.65,"speed-model-difference","Shoreditch High Street","Windrush","Shoreditch High Street+Liverpool Street","https://www.openstreetmap.org/directions?engine=fossgis_osrm_bike&route=51.465997%2C0.090441%3B51.473566%2C-0.057313","https://www.google.com/maps/dir/?api=1&origin=51.465997%2C0.090441&destination=51.473566%2C-0.057313&travelmode=bicycling","https://maps.apple.com/?saddr=51.465997%2C0.090441&daddr=51.473566%2C-0.057313"
27,"910GSURREYQ","Surrey Quays","original-direct-circle",0,"Windrush direct to Shoreditch High Street","Liverpool Street+Shoreditch High Street","TfL PAYG rail",false,"OpenStreetMap.de bicycle router",59.27,12.76,41,12.16,"speed-model-difference","Shoreditch High Street","Windrush","Shoreditch High Street+Liverpool Street","https://www.openstreetmap.org/directions?engine=fossgis_osrm_bike&route=51.465997%2C0.090441%3B51.493196%2C-0.047519","https://www.google.com/maps/dir/?api=1&origin=51.465997%2C0.090441&destination=51.493196%2C-0.047519&travelmode=bicycling","https://maps.apple.com/?saddr=51.465997%2C0.090441&daddr=51.493196%2C-0.047519"
28,"910GPCKHMRY","Peckham Rye","original-direct-circle",0,"Windrush direct to Shoreditch High Street","Liverpool Street+Shoreditch High Street","TfL PAYG rail",false,"OpenStreetMap.de bicycle router",60.01,13.58,50,14.65,"speed-model-difference","Shoreditch High Street","Windrush","Shoreditch High Street+Liverpool Street","https://www.openstreetmap.org/directions?engine=fossgis_osrm_bike&route=51.465997%2C0.090441%3B51.470034%2C-0.069414","https://www.google.com/maps/dir/?api=1&origin=51.465997%2C0.090441&destination=51.470034%2C-0.069414&travelmode=bicycling","https://maps.apple.com/?saddr=51.465997%2C0.090441&daddr=51.470034%2C-0.069414"
29,"910GCNDAW","Canada Water","original-direct-circle",0,"Windrush direct to Shoreditch High Street","Liverpool Street+Shoreditch High Street","TfL PAYG rail",false,"OpenStreetMap.de bicycle router",61.33,13.18,43,12.89,"speed-model-difference","Shoreditch High Street","Windrush","Shoreditch High Street+Liverpool Street","https://www.openstreetmap.org/directions?engine=fossgis_osrm_bike&route=51.465997%2C0.090441%3B51.49799%2C-0.04972","https://www.google.com/maps/dir/?api=1&origin=51.465997%2C0.090441&destination=51.49799%2C-0.04972&travelmode=bicycling","https://maps.apple.com/?saddr=51.465997%2C0.090441&daddr=51.49799%2C-0.04972"
30,"940GZZLUEHM","East Ham","original-direct-circle",0,"Hammersmith & City direct to Liverpool Street","Liverpool Street+Shoreditch High Street","TfL PAYG rail",false,"OpenStreetMap.de bicycle router",61.55,11.62,95,27.66,"tfl-route-detour","Liverpool Street","Hammersmith & City","Shoreditch High Street+Liverpool Street","https://www.openstreetmap.org/directions?engine=fossgis_osrm_bike&route=51.465997%2C0.090441%3B51.538948%2C0.051186","https://www.google.com/maps/dir/?api=1&origin=51.465997%2C0.090441&destination=51.538948%2C0.051186&travelmode=bicycling","https://maps.apple.com/?saddr=51.465997%2C0.090441&daddr=51.538948%2C0.051186"
31,"940GZZLUWHM","West Ham","original-direct-circle",0,"Hammersmith & City direct to Liverpool Street","Liverpool Street+Shoreditch High Street","TfL PAYG rail",false,"OpenStreetMap.de bicycle router",62.42,12,81,23.67,"tfl-route-detour","Liverpool Street","Hammersmith & City","Shoreditch High Street+Liverpool Street","https://www.openstreetmap.org/directions?engine=fossgis_osrm_bike&route=51.465997%2C0.090441%3B51.528136%2C0.005055","https://www.google.com/maps/dir/?api=1&origin=51.465997%2C0.090441&destination=51.528136%2C0.005055&travelmode=bicycling","https://maps.apple.com/?saddr=51.465997%2C0.090441&daddr=51.528136%2C0.005055"
32,"940GZZLUUPK","Upton Park","original-direct-circle",0,"Hammersmith & City direct to Liverpool Street","Liverpool Street+Shoreditch High Street","TfL PAYG rail",false,"OpenStreetMap.de bicycle router",62.5,11.95,87,25.44,"tfl-route-detour","Liverpool Street","Hammersmith & City","Shoreditch High Street+Liverpool Street","https://www.openstreetmap.org/directions?engine=fossgis_osrm_bike&route=51.465997%2C0.090441%3B51.53534%2C0.035263","https://www.google.com/maps/dir/?api=1&origin=51.465997%2C0.090441&destination=51.53534%2C0.035263&travelmode=bicycling","https://maps.apple.com/?saddr=51.465997%2C0.090441&daddr=51.53534%2C0.035263"
33,"910GRTHERHI","Rotherhithe","original-direct-circle",0,"Windrush direct to Shoreditch High Street","Liverpool Street+Shoreditch High Street","TfL PAYG rail",false,"OpenStreetMap.de bicycle router",63.84,13.74,44,13.32,"speed-model-difference","Shoreditch High Street","Windrush","Shoreditch High Street+Liverpool Street","https://www.openstreetmap.org/directions?engine=fossgis_osrm_bike&route=51.465997%2C0.090441%3B51.500817%2C-0.052048","https://www.google.com/maps/dir/?api=1&origin=51.465997%2C0.090441&destination=51.500817%2C-0.052048&travelmode=bicycling","https://maps.apple.com/?saddr=51.465997%2C0.090441&daddr=51.500817%2C-0.052048"
34,"910GCANWHRF","Canary Wharf","original-direct-circle",0,"Elizabeth line direct to Liverpool Street","Liverpool Street+Shoreditch High Street","TfL PAYG rail",false,"OpenStreetMap.de bicycle router",65.5,11.97,68,20.05,"tfl-route-detour","Liverpool Street","Elizabeth line","Shoreditch High Street+Liverpool Street","https://www.openstreetmap.org/directions?engine=fossgis_osrm_bike&route=51.465997%2C0.090441%3B51.506203%2C-0.018834","https://www.google.com/maps/dir/?api=1&origin=51.465997%2C0.090441&destination=51.506203%2C-0.018834&travelmode=bicycling","https://maps.apple.com/?saddr=51.465997%2C0.090441&daddr=51.506203%2C-0.018834"
35,"940GZZLUPLW","Plaistow","original-direct-circle",0,"Hammersmith & City direct to Liverpool Street","Liverpool Street+Shoreditch High Street","TfL PAYG rail",false,"OpenStreetMap.de bicycle router",66.58,12.16,84,24.31,"tfl-route-detour","Liverpool Street","Hammersmith & City","Shoreditch High Street+Liverpool Street","https://www.openstreetmap.org/directions?engine=fossgis_osrm_bike&route=51.465997%2C0.090441%3B51.531341%2C0.017451","https://www.google.com/maps/dir/?api=1&origin=51.465997%2C0.090441&destination=51.531341%2C0.017451&travelmode=bicycling","https://maps.apple.com/?saddr=51.465997%2C0.090441&daddr=51.531341%2C0.017451"
36,"940GZZLUBBB","Bromley-by-Bow","original-direct-circle",0,"Hammersmith & City direct to Liverpool Street","Liverpool Street+Shoreditch High Street","TfL PAYG rail",false,"OpenStreetMap.de bicycle router",68.73,12.89,74,21.7,"tfl-route-detour","Liverpool Street","Hammersmith & City","Shoreditch High Street+Liverpool Street","https://www.openstreetmap.org/directions?engine=fossgis_osrm_bike&route=51.465997%2C0.090441%3B51.524839%2C-0.011538","https://www.google.com/maps/dir/?api=1&origin=51.465997%2C0.090441&destination=51.524839%2C-0.011538&travelmode=bicycling","https://maps.apple.com/?saddr=51.465997%2C0.090441&daddr=51.524839%2C-0.011538"
37,"910GSHADWEL","Shadwell","original-direct-circle",0,"Windrush direct to Shoreditch High Street","Liverpool Street+Shoreditch High Street","TfL PAYG rail",false,"OpenStreetMap.de bicycle router",72.74,14.01,56,16.77,"speed-model-difference","Shoreditch High Street","Windrush","Shoreditch High Street+Liverpool Street","https://www.openstreetmap.org/directions?engine=fossgis_osrm_bike&route=51.465997%2C0.090441%3B51.511284%2C-0.056934","https://www.google.com/maps/dir/?api=1&origin=51.465997%2C0.090441&destination=51.511284%2C-0.056934&travelmode=bicycling","https://maps.apple.com/?saddr=51.465997%2C0.090441&daddr=51.511284%2C-0.056934"
38,"910GFRSTGT","Forest Gate","original-direct-circle",0,"Elizabeth line direct to Liverpool Street","Liverpool Street+Shoreditch High Street","TfL PAYG rail",false,"OpenStreetMap.de bicycle router",73.26,14.25,85,24.91,"tfl-route-detour","Liverpool Street","Elizabeth line","Shoreditch High Street+Liverpool Street","https://www.openstreetmap.org/directions?engine=fossgis_osrm_bike&route=51.465997%2C0.090441%3B51.549432%2C0.024353","https://www.google.com/maps/dir/?api=1&origin=51.465997%2C0.090441&destination=51.549432%2C0.024353&travelmode=bicycling","https://maps.apple.com/?saddr=51.465997%2C0.090441&daddr=51.549432%2C0.024353"
39,"940GZZLUSGN","Stepney Green","original-direct-circle",0,"Hammersmith & City direct to Liverpool Street","Liverpool Street+Shoreditch High Street","TfL PAYG rail",false,"OpenStreetMap.de bicycle router",73.6,14.18,62,18.36,"tfl-route-detour","Liverpool Street","Hammersmith & City","Shoreditch High Street+Liverpool Street","https://www.openstreetmap.org/directions?engine=fossgis_osrm_bike&route=51.465997%2C0.090441%3B51.521858%2C-0.046596","https://www.google.com/maps/dir/?api=1&origin=51.465997%2C0.090441&destination=51.521858%2C-0.046596&travelmode=bicycling","https://maps.apple.com/?saddr=51.465997%2C0.090441&daddr=51.521858%2C-0.046596"
40,"940GZZLUBWR","Bow Road","original-direct-circle",0,"Hammersmith & City direct to Liverpool Street","Liverpool Street+Shoreditch High Street","TfL PAYG rail",false,"OpenStreetMap.de bicycle router",73.7,13.99,69,20.18,"tfl-route-detour","Liverpool Street","Hammersmith & City","Shoreditch High Street+Liverpool Street","https://www.openstreetmap.org/directions?engine=fossgis_osrm_bike&route=51.465997%2C0.090441%3B51.52694%2C-0.025128","https://www.google.com/maps/dir/?api=1&origin=51.465997%2C0.090441&destination=51.52694%2C-0.025128&travelmode=bicycling","https://maps.apple.com/?saddr=51.465997%2C0.090441&daddr=51.52694%2C-0.025128"
41,"940GZZLUMED","Mile End","original-direct-circle",0,"Central direct to Liverpool Street","Liverpool Street+Shoreditch High Street","TfL PAYG rail",false,"OpenStreetMap.de bicycle router",74.7,14.26,68,19.99,"tfl-route-detour","Liverpool Street","Central+Hammersmith & City","Shoreditch High Street+Liverpool Street","https://www.openstreetmap.org/directions?engine=fossgis_osrm_bike&route=51.465997%2C0.090441%3B51.525122%2C-0.03364","https://www.google.com/maps/dir/?api=1&origin=51.465997%2C0.090441&destination=51.525122%2C-0.03364&travelmode=bicycling","https://maps.apple.com/?saddr=51.465997%2C0.090441&daddr=51.525122%2C-0.03364"
42,"HUBSRA","Stratford","original-direct-circle",0,"Elizabeth line direct to Liverpool Street","Liverpool Street+Shoreditch High Street","TfL PAYG rail",false,"OpenStreetMap.de bicycle router",74.96,14.17,78,22.68,"tfl-route-detour","Liverpool Street","Elizabeth line+Greater Anglia+c2c+Central","Shoreditch High Street+Liverpool Street","https://www.openstreetmap.org/directions?engine=fossgis_osrm_bike&route=51.465997%2C0.090441%3B51.541508%2C-0.00241","https://www.google.com/maps/dir/?api=1&origin=51.465997%2C0.090441&destination=51.541508%2C-0.00241&travelmode=bicycling","https://maps.apple.com/?saddr=51.465997%2C0.090441&daddr=51.541508%2C-0.00241"
43,"910GWAPPING","Wapping","original-direct-circle",0,"Windrush direct to Shoreditch High Street","Liverpool Street+Shoreditch High Street","TfL PAYG rail",false,"OpenStreetMap.de bicycle router",75.18,14.18,58,17.37,"speed-model-difference","Shoreditch High Street","Windrush","Shoreditch High Street+Liverpool Street","https://www.openstreetmap.org/directions?engine=fossgis_osrm_bike&route=51.465997%2C0.090441%3B51.504388%2C-0.055931","https://www.google.com/maps/dir/?api=1&origin=51.465997%2C0.090441&destination=51.504388%2C-0.055931&travelmode=bicycling","https://maps.apple.com/?saddr=51.465997%2C0.090441&daddr=51.504388%2C-0.055931"
44,"910GMRYLAND","Maryland","original-direct-circle",0,"Elizabeth line direct to Liverpool Street","Liverpool Street+Shoreditch High Street","TfL PAYG rail",false,"OpenStreetMap.de bicycle router",75.53,14.54,82,23.64,"tfl-route-detour","Liverpool Street","Elizabeth line","Shoreditch High Street+Liverpool Street","https://www.openstreetmap.org/directions?engine=fossgis_osrm_bike&route=51.465997%2C0.090441%3B51.546081%2C0.005815","https://www.google.com/maps/dir/?api=1&origin=51.465997%2C0.090441&destination=51.546081%2C0.005815&travelmode=bicycling","https://maps.apple.com/?saddr=51.465997%2C0.090441&daddr=51.546081%2C0.005815"
45,"HUBZWL","Whitechapel","original-direct-circle",0,"Elizabeth line direct to Liverpool Street","Liverpool Street+Shoreditch High Street","TfL PAYG rail",false,"OpenStreetMap.de bicycle router",75.65,14.79,59,17.44,"speed-model-difference","Liverpool Street+Shoreditch High Street","Elizabeth line+Windrush+Hammersmith & City","Shoreditch High Street+Liverpool Street","https://www.openstreetmap.org/directions?engine=fossgis_osrm_bike&route=51.465997%2C0.090441%3B51.519498%2C-0.059858","https://www.google.com/maps/dir/?api=1&origin=51.465997%2C0.090441&destination=51.519498%2C-0.059858&travelmode=bicycling","https://maps.apple.com/?saddr=51.465997%2C0.090441&daddr=51.519498%2C-0.059858"
46,"940GZZLUTWH","Tower Hill","original-direct-circle",0,"Circle direct to Liverpool Street","Liverpool Street+Shoreditch High Street","TfL PAYG rail",false,"OpenStreetMap.de bicycle router",77.04,16.48,54,15.96,"speed-model-difference","Liverpool Street","Circle","Shoreditch High Street+Liverpool Street","https://www.openstreetmap.org/directions?engine=fossgis_osrm_bike&route=51.465997%2C0.090441%3B51.509971%2C-0.076546","https://www.google.com/maps/dir/?api=1&origin=51.465997%2C0.090441&destination=51.509971%2C-0.076546&travelmode=bicycling","https://maps.apple.com/?saddr=51.465997%2C0.090441&daddr=51.509971%2C-0.076546"
47,"940GZZLUBLG","Bethnal Green (Underground)","original-direct-circle",0,"Central direct to Liverpool Street","Liverpool Street","TfL PAYG rail",false,"OpenStreetMap.de bicycle router",78.17,15.17,62,18.46,"speed-model-difference","Liverpool Street","Central","Shoreditch High Street+Liverpool Street","https://www.openstreetmap.org/directions?engine=fossgis_osrm_bike&route=51.465997%2C0.090441%3B51.527222%2C-0.055506","https://www.google.com/maps/dir/?api=1&origin=51.465997%2C0.090441&destination=51.527222%2C-0.055506&travelmode=bicycling","https://maps.apple.com/?saddr=51.465997%2C0.090441&daddr=51.527222%2C-0.055506"
48,"940GZZLUMMT","Monument","original-direct-circle",0,"Circle direct to Liverpool Street","Liverpool Street+Shoreditch High Street","TfL PAYG rail",false,"OpenStreetMap.de bicycle router",79.01,16.88,55,16.52,"speed-model-difference","Liverpool Street","Circle","Liverpool Street","https://www.openstreetmap.org/directions?engine=fossgis_osrm_bike&route=51.465997%2C0.090441%3B51.5107%2C-0.085969","https://www.google.com/maps/dir/?api=1&origin=51.465997%2C0.090441&destination=51.5107%2C-0.085969&travelmode=bicycling","https://maps.apple.com/?saddr=51.465997%2C0.090441&daddr=51.5107%2C-0.085969"
49,"910GBTHNLGR","Bethnal Green (rail/Overground)","original-direct-circle",0,"Greater Anglia direct to Liverpool Street","Liverpool Street","National Rail",false,"OpenStreetMap.de bicycle router",79.12,15.26,61,18.06,"speed-model-difference","Liverpool Street","Greater Anglia+Weaver","Shoreditch High Street+Liverpool Street","https://www.openstreetmap.org/directions?engine=fossgis_osrm_bike&route=51.465997%2C0.090441%3B51.523917%2C-0.059568","https://www.google.com/maps/dir/?api=1&origin=51.465997%2C0.090441&destination=51.523917%2C-0.059568&travelmode=bicycling","https://maps.apple.com/?saddr=51.465997%2C0.090441&daddr=51.523917%2C-0.059568"
50,"940GZZLUALD","Aldgate","original-direct-circle",0,"Circle direct to Liverpool Street","Liverpool Street","TfL PAYG rail",false,"OpenStreetMap.de bicycle router",79.43,16.8,55,16.26,"speed-model-difference","Liverpool Street","Circle+Metropolitan","Shoreditch High Street+Liverpool Street","https://www.openstreetmap.org/directions?engine=fossgis_osrm_bike&route=51.465997%2C0.090441%3B51.514246%2C-0.075689","https://www.google.com/maps/dir/?api=1&origin=51.465997%2C0.090441&destination=51.514246%2C-0.075689&travelmode=bicycling","https://maps.apple.com/?saddr=51.465997%2C0.090441&daddr=51.514246%2C-0.075689"
51,"940GZZLUADE","Aldgate East","original-direct-circle",0,"Hammersmith & City direct to Liverpool Street","Liverpool Street+Shoreditch High Street","TfL PAYG rail",false,"OpenStreetMap.de bicycle router",79.96,16.97,55,16.35,"speed-model-difference","Liverpool Street","Hammersmith & City","Shoreditch High Street+Liverpool Street","https://www.openstreetmap.org/directions?engine=fossgis_osrm_bike&route=51.465997%2C0.090441%3B51.515037%2C-0.072384","https://www.google.com/maps/dir/?api=1&origin=51.465997%2C0.090441&destination=51.515037%2C-0.072384&travelmode=bicycling","https://maps.apple.com/?saddr=51.465997%2C0.090441&daddr=51.515037%2C-0.072384"
52,"910GCAMHTH","Cambridge Heath","original-direct-circle",0,"Greater Anglia direct to Liverpool Street","Liverpool Street","National Rail",false,"OpenStreetMap.de bicycle router",83.35,15.91,65,19.13,"speed-model-difference","Liverpool Street","Greater Anglia+Weaver","Shoreditch High Street+Liverpool Street","https://www.openstreetmap.org/directions?engine=fossgis_osrm_bike&route=51.465997%2C0.090441%3B51.531973%2C-0.057279","https://www.google.com/maps/dir/?api=1&origin=51.465997%2C0.090441&destination=51.531973%2C-0.057279&travelmode=bicycling","https://maps.apple.com/?saddr=51.465997%2C0.090441&daddr=51.531973%2C-0.057279"
